global_wp_idx,x,y,z,points_count,stamp_sec,stamp_nanosec
0,-2.182677951917329,14.953651295858872,-0.12921056965261213,1,38,300000000
